conformer_id,energy_in_kcalpermol,cluster_id
17,2.8774959356912895,1
73,2.8774959356900496,3
133,4.156085347541808,4
145,4.156085347578841,5
284,5.340527361712114,2
